Bank,Country,Europe,Asia,North America,Canada,UK,Australia,Cum % of Assets Loaned since 2016,2020 Assets (Billions),Policy - Total Coal (0/80),Policy - Total O&G (0/120),Policy - Total Scores (0/200),FFF - total rank,FFF - European Rank,FFF - Asian Rank,FFF - North American Rank,FFF - Canadian Rank,FFF - UK Rank,FFF - 2016,FFF - 2017,FFF - 2018,FFF - 2019,FFF - 2020,FFF - 2016-2020,FFF - Compared To 2016,AOG - Rank,AOG - European Rank,AOG - Asian Rank,AOG - North American Rank,AOG - Canadian Rank,AOG - UK Rank,AOG - 2016,AOG - 2017,AOG - 2018,AOG - 2019,AOG - 2020,AOG - Total,AOG - Compared To 2016,CM - Rank,CM - European Rank,CM - Asian Rank,CM - North American Rank,CM - Canadian Rank,CM - UK Rank,CM - 2016,CM - 2017,CM - 2018,CM - 2019,CM - 2020,CM - Total,CM - Compared To 2016,CP - Rank,CP - European Rank,CP - Asian Rank,CP - North American Rank,CP - Canadian Rank,CP - UK Rank,CP - 2016,CP - 2017,CP - 2018,CP - 2019,CP - 2020,CP - Total,CP - Compared To 2016,FFE - Rank,FFE - European Rank,FFE - Asian Rank,FFE - North American Rank,FFE - Canadian Rank,FFE - UK Rank,FFE - 2016,FFE - 2017,FFE - 2018,FFE - 2019,FFE - 2020,FFE - Total,FFE - Compared To 2016,FOG - Rank,FOG - European Rank,FOG - Asian Rank,FOG - North American Rank,FOG - Canadian Rank,FOG - UK Rank,FOG - 2016,FOG - 2017,FOG - 2018,FOG - 2019,FOG - 2020,FOG - Total,FOG - Compared To 2016,LNG - Rank,LNG - European Rank,LNG - Asian Rank,LNG - North American Rank,LNG - Canadian Rank,LNG - UK Rank,LNG - 2016,LNG - 2017,LNG - 2018,LNG - 2019,LNG - 2020,LNG - Total,LNG - Compared To 2016,OOG - Rank,OOG - European Rank,OOG - Asian Rank,OOG - North American Rank,OOG - Canadian Rank,OOG - UK Rank,OOG - 2016,OOG - 2017,OOG - 2018,OOG - 2019,OOG - 2020,OOG - Total,OOG - Compared To 2016,TS - Rank,TS - European Rank,TS - Asian Rank,TS - North American Rank,TS - Canadian Rank,TS - UK Rank,TS - 2016,TS - 2017,TS - 2018,TS - 2019,TS - 2020,TS - Total,TS - Compared To 2016
Wells Fargo,us,,,TRUE,,,,11.6%,"$1,927.56",14.5,4,18.5,9,-,-,3,-,-,"$34,631,000,000.00","$54,812,000,000.00","$61,821,000,000.00","$45,684,000,000.00","$26,400,000,000.00","$223,349,000,000.00",Down,24,-,-,7,-,-,$0.00,"$200,841,957.00","$194,336,093.00","$2,649,592.58",$0.00,"$397,827,642.00",Equal,53,22,24,11,-,-,$0.00,$0.00,$0.00,$0.00,$0.00,$0.00,Equal,21,-,-,4,-,-,"$377,467,046.00","$531,252,610.00","$659,318,775.00","$369,140,727.00","$618,647,672.00","$2,555,826,830.00",Up,4,-,-,4,-,-,"$9,207,856,651.00","$13,497,425,662.00","$17,742,000,000.00","$16,753,000,000.00","$12,413,000,000.00","$69,614,000,000.00",Up,1,-,-,1,-,-,"$4,834,378,785.00","$11,492,000,000.00","$14,584,000,000.00","$13,168,000,000.00","$9,912,389,799.00","$53,991,000,000.00",Up,32,-,-,8,-,-,"$43,105,001.60","$92,918,227.40","$95,209,142.70","$156,583,700.00","$331,337,422.00","$719,153,493.00",Up,32,-,-,8,-,-,"$207,795,716.00","$223,783,118.00","$349,777,505.00","$220,083,123.00","$649,735,622.00","$1,651,175,083.00",Up,15,-,-,10,-,-,"$483,708,445.00","$144,148,315.00","$116,047,496.00","$106,397,149.00","$61,152,265.90","$911,453,671.00",Down
JPMorgan Chase,us,,,TRUE,,,,11.8%,"$2,687.38",12.5,5,17.5,1,-,-,1,-,-,"$63,729,000,000.00","$70,271,000,000.00","$67,396,000,000.00","$64,039,000,000.00","$51,300,000,000.00","$316,735,000,000.00",Down,1,-,-,1,-,-,"$359,310,103.00","$348,646,588.00","$460,408,449.00","$274,295,572.00","$835,182,217.00","$2,277,842,930.00",Up,15,-,-,1,-,-,"$43,268,878.10","$1,302,165,420.00","$154,714,326.00","$299,096,717.00","$100,183,105.00","$1,899,428,445.00",Up,15,-,-,2,-,-,"$481,236,345.00","$621,639,380.00","$934,451,128.00","$731,118,466.00","$648,376,668.00","$3,416,821,986.00",Up,1,-,-,1,-,-,"$32,532,012,495.00","$23,873,124,066.00","$26,589,000,000.00","$28,154,000,000.00","$31,638,000,000.00","$142,790,000,000.00",Down,2,-,-,2,-,-,"$10,832,000,000.00","$8,525,311,600.00","$12,952,000,000.00","$11,004,000,000.00","$8,917,955,465.00","$52,232,000,000.00",Down,3,-,-,3,-,-,"$1,881,926,281.00","$898,214,013.00","$1,466,603,248.00","$1,522,027,394.00","$2,042,708,510.00","$7,811,479,446.00",Up,2,-,-,1,-,-,"$7,589,079,657.00","$2,950,937,511.00","$2,214,284,915.00","$6,861,024,703.00","$9,454,431,526.00","$29,070,000,000.00",Up,3,-,-,3,-,-,"$2,246,708,841.00","$4,773,693,182.00","$1,290,076,202.00","$2,072,256,980.00","$1,758,394,003.00","$12,141,000,000.00",Down
Citi,us,,,TRUE,,,,12.2%,"$1,951.16",28.5,5,33.5,2,-,-,2,-,-,"$42,637,000,000.00","$47,102,000,000.00","$46,853,000,000.00","$52,496,000,000.00","$48,389,000,000.00","$237,477,000,000.00",Up,5,-,-,2,-,-,"$322,602,352.00","$47,902,132.90","$360,427,369.00","$285,760,724.00","$483,587,832.00","$1,500,280,411.00",Up,16,-,-,2,-,-,"$835,372,241.00","$161,902,168.00","$131,609,420.00","$261,804,679.00","$208,325,903.00","$1,599,014,410.00",Down,11,-,-,1,-,-,"$474,997,130.00","$1,624,100,624.00","$1,597,673,020.00","$1,008,055,626.00","$1,048,823,061.00","$5,753,649,461.00",Up,2,-,-,2,-,-,"$18,950,964,536.00","$14,817,155,042.00","$16,282,000,000.00","$27,941,000,000.00","$30,271,000,000.00","$108,260,000,000.00",Up,3,-,-,3,-,-,"$6,339,143,884.00","$6,503,641,023.00","$5,919,444,663.00","$10,598,000,000.00","$9,567,538,675.00","$38,928,000,000.00",Up,2,-,-,2,-,-,"$1,834,293,606.00","$1,287,662,163.00","$1,363,882,779.00","$1,717,654,353.00","$1,989,758,162.00","$8,193,251,063.00",Up,3,-,-,2,-,-,"$5,238,729,330.00","$2,378,814,328.00","$3,435,831,532.00","$6,540,516,356.00","$10,753,000,000.00","$28,347,000,000.00",Up,9,-,-,8,-,-,"$726,469,538.00","$1,021,378,605.00","$269,289,428.00","$493,273,036.00","$942,975,528.00","$3,453,386,134.00",Up
Bank of America,us,,,TRUE,,,,8.2%,"$2,434.08",18.5,3.5,22,3,-,-,4,-,-,"$37,670,000,000.00","$36,744,000,000.00","$33,808,000,000.00","$48,081,000,000.00","$42,149,000,000.00","$198,452,000,000.00",Up,13,-,-,3,-,-,"$207,883,182.00","$10,033,658.70","$250,275,424.00","$187,031,837.00","$320,573,566.00","$975,797,668.00",Up,24,-,-,6,-,-,"$44,692,892.80","$76,295,024.80","$74,714,325.50","$219,804,679.00","$263,512,330.00","$679,019,252.00",Up,16,-,-,3,-,-,"$527,752,282.00","$667,431,659.00","$538,125,494.00","$637,221,564.00","$841,219,841.00","$3,211,750,840.00",Up,3,-,-,3,-,-,"$17,790,596,680.00","$11,624,965,414.00","$13,735,000,000.00","$21,868,000,000.00","$27,492,000,000.00","$92,510,000,000.00",Up,4,-,-,4,-,-,"$5,041,506,940.00","$5,624,074,491.00","$7,716,237,164.00","$11,667,000,000.00","$8,857,243,091.00","$38,906,000,000.00",Up,4,-,-,4,-,-,"$1,087,399,655.00","$1,014,135,925.00","$674,260,724.00","$1,706,757,489.00","$2,072,305,753.00","$6,554,859,546.00",Up,4,-,-,3,-,-,"$7,036,635,661.00","$1,199,069,746.00","$1,782,260,762.00","$3,879,512,037.00","$10,620,000,000.00","$24,517,000,000.00",Up,8,-,-,7,-,-,"$742,052,363.00","$1,056,892,802.00","$269,130,292.00","$343,637,820.00","$1,198,391,550.00","$3,610,104,827.00",Up
Barclays,gb,TRUE,,,,TRUE,,9.6%,"$1,510.14",24,8,32,8,1,-,-,-,1,"$30,202,000,000.00","$30,730,000,000.00","$25,911,000,000.00","$30,353,000,000.00","$27,702,000,000.00","$144,897,000,000.00",Down,7,3,-,-,-,1,"$194,159,361.00","$26,660,120.20","$100,396,099.00","$372,795,129.00","$732,796,355.00","$1,426,807,064.00",Up,27,7,-,-,-,1,"$35,372,240.80","$76,295,024.80","$74,714,325.50","$142,394,075.00","$180,791,312.00","$509,566,978.00",Up,14,1,-,-,-,1,"$756,166,567.00","$577,086,782.00","$1,062,238,344.00","$917,950,151.00","$762,893,058.00","$4,076,334,903.00",Up,9,2,-,-,-,1,"$12,652,812,654.00","$8,084,508,209.00","$8,151,666,603.00","$11,722,000,000.00","$17,215,000,000.00","$57,826,000,000.00",Up,5,1,-,-,-,1,"$4,220,983,548.00","$4,786,461,883.00","$5,161,064,028.00","$4,379,039,829.00","$5,443,932,511.00","$23,991,000,000.00",Up,12,4,-,-,-,2,"$1,072,050,395.00","$436,855,706.00","$618,238,683.00","$529,745,818.00","$1,067,076,483.00","$3,723,967,084.00",Down,7,3,-,-,-,2,"$4,584,783,263.00","$972,086,083.00","$819,125,467.00","$2,673,947,636.00","$6,777,258,254.00","$15,827,000,000.00",Up,7,1,-,-,-,1,"$548,313,414.00","$1,896,236,658.00","$88,932,651.30","$586,604,136.00","$872,786,660.00","$3,992,873,519.00",Up
MUFG,jp,,TRUE,,,,,5.1%,"$2,892.97",4.5,1.5,6,6,-,1,-,-,-,"$25,304,000,000.00","$26,177,000,000.00","$35,404,000,000.00","$31,782,000,000.00","$29,070,000,000.00","$147,737,000,000.00",Up,12,-,6,-,-,-,"$6,150,140.39","$41,356,919.50","$268,913,092.00","$231,299,684.00","$495,130,669.00","$1,042,850,505.00",Up,26,-,14,-,-,-,"$35,372,240.80","$40,744,376.20","$56,167,120.20","$326,353,859.00","$86,018,479.80","$544,656,076.00",Up,12,-,11,-,-,-,"$1,380,437,724.00","$680,829,925.00","$1,213,234,492.00","$1,401,496,778.00","$1,052,108,313.00","$5,728,107,232.00",Down,6,-,1,-,-,-,"$7,987,918,135.00","$12,011,937,157.00","$13,088,000,000.00","$12,951,000,000.00","$14,087,000,000.00","$60,125,000,000.00",Up,6,-,1,-,-,-,"$2,215,624,698.00","$3,639,452,702.00","$6,123,719,626.00","$5,747,594,510.00","$4,049,312,906.00","$21,776,000,000.00",Up,8,-,3,-,-,-,"$1,406,725,591.00","$824,157,741.00","$613,364,483.00","$1,033,695,204.00","$1,216,310,917.00","$5,094,253,935.00",Down,13,-,3,-,-,-,"$1,976,047,813.00","$1,935,986,166.00","$627,587,396.00","$1,953,178,963.00","$4,012,642,595.00","$10,505,000,000.00",Up,12,-,1,-,-,-,"$69,422,862.60","$891,179,327.00","$142,691,005.00","$79,953,965.70","$387,382,726.00","$1,570,629,887.00",Up
Mizuho,jp,,TRUE,,,,,6.6%,"$1,874.89",4.5,0.5,5,11,-,2,-,-,-,"$21,268,000,000.00","$19,200,000,000.00","$28,730,000,000.00","$31,484,000,000.00","$22,791,000,000.00","$123,472,000,000.00",Up,15,-,8,-,-,-,"$93,316,031.40","$93,609,843.20","$263,618,949.00","$219,127,381.00","$156,833,450.00","$826,505,655.00",Up,38,-,16,-,-,-,"$35,372,240.80","$76,295,024.80","$56,167,120.20","$111,804,679.00","$90,393,995.30","$370,033,060.00",Up,13,-,12,-,-,-,"$849,502,895.00","$579,752,240.00","$1,093,858,140.00","$862,101,127.00","$795,942,288.00","$4,181,156,691.00",Down,10,-,2,-,-,-,"$9,053,027,774.00","$7,428,597,998.00","$11,535,000,000.00","$13,537,000,000.00","$11,832,000,000.00","$53,386,000,000.00",Up,7,-,2,-,-,-,"$2,462,517,678.00","$3,605,729,015.00","$5,624,648,399.00","$4,328,468,085.00","$3,734,751,205.00","$19,756,000,000.00",Up,6,-,2,-,-,-,"$1,226,401,748.00","$653,858,104.00","$770,167,409.00","$2,101,002,989.00","$1,708,918,297.00","$6,460,348,547.00",Up,9,-,1,-,-,-,"$2,618,518,522.00","$1,038,877,494.00","$1,985,661,754.00","$4,123,673,518.00","$2,873,274,906.00","$12,640,000,000.00",Up,18,-,2,-,-,-,"$166,382,268.00","$245,458,392.00","$123,665,505.00","$127,793,753.00","$79,924,259.50","$743,224,178.00",Down
Scotiabank,ca,,,TRUE,TRUE,,,13.0%,$872.62,0,2.5,2.5,19,-,-,7,3,-,"$18,765,000,000.00","$24,509,000,000.00","$28,033,000,000.00","$26,087,000,000.00","$16,452,000,000.00","$113,846,000,000.00",Down,49,-,-,10,4,-,$0.00,"$20,822,021.80",$0.00,$0.00,$0.00,"$20,822,021.80",Equal,42,-,18,9,4,-,"$35,372,240.80","$40,744,376.20","$56,167,120.20","$85,817,689.10","$86,018,479.80","$304,119,906.00",Up,24,-,-,5,1,-,"$306,694,051.00","$290,871,850.00","$453,539,347.00","$427,564,746.00","$326,450,536.00","$1,805,120,530.00",Up,12,-,-,7,3,-,"$6,435,515,614.00","$10,745,303,761.00","$12,318,000,000.00","$12,181,000,000.00","$6,645,110,978.00","$48,325,000,000.00",Up,8,-,-,5,1,-,"$2,516,331,092.00","$4,809,004,017.00","$5,508,884,826.00","$3,882,223,125.00","$1,544,991,574.00","$18,261,000,000.00",Down,15,-,-,7,2,-,"$511,041,663.00","$404,258,579.00","$599,964,522.00","$1,065,121,512.00","$709,012,146.00","$3,289,398,422.00",Up,27,-,-,6,1,-,"$91,045,162.60","$260,433,491.00","$375,878,451.00","$901,696,129.00","$1,014,354,353.00","$2,643,407,588.00",Up,6,-,-,6,5,-,"$1,299,797,011.00","$3,188,152,351.00","$1,252,943,327.00","$1,442,041,013.00","$1,465,876,500.00","$8,648,810,203.00",Up
RBC,ca,,,TRUE,TRUE,,,14.3%,"$1,116.31",15,2.5,17.5,15,-,-,5,1,-,"$29,322,000,000.00","$38,440,000,000.00","$37,656,000,000.00","$35,717,000,000.00","$18,994,000,000.00","$160,129,000,000.00",Down,43,-,-,8,2,-,$0.00,"$12,257,060.60","$16,382,931.00","$28,271,771.30","$10,141,893.30","$67,053,656.20",Up,36,-,-,7,2,-,"$35,372,240.80","$40,744,376.20","$56,167,120.20","$163,360,365.00","$86,018,479.80","$381,662,581.00",Up,25,-,-,6,2,-,"$352,910,163.00","$529,085,964.00","$44,951,009.80","$337,082,184.00","$509,070,675.00","$1,773,099,995.00",Up,5,-,-,5,1,-,"$11,337,219,638.00","$15,883,007,158.00","$11,906,000,000.00","$12,647,000,000.00","$9,332,940,977.00","$61,106,000,000.00",Down,9,-,-,6,2,-,"$2,228,336,459.00","$2,635,622,140.00","$3,768,662,998.00","$3,670,478,629.00","$3,705,843,891.00","$16,009,000,000.00",Up,11,-,-,5,1,-,"$714,707,437.00","$755,082,524.00","$713,272,296.00","$868,274,331.00","$688,108,832.00","$3,739,445,421.00",Down,29,-,-,7,2,-,"$602,876,012.00","$192,074,934.00","$256,195,633.00","$933,448,557.00","$369,120,971.00","$2,353,716,106.00",Down,2,-,-,2,2,-,"$2,776,384,493.00","$9,348,256,404.00","$3,648,426,204.00","$4,956,154,764.00","$1,793,375,587.00","$22,523,000,000.00",Down
Credit Suisse,ch,TRUE,,,,,,10.1%,$812.91,14,6,20,30,4,-,-,-,-,"$19,293,000,000.00","$21,932,000,000.00","$17,108,000,000.00","$14,384,000,000.00","$9,484,000,000.00","$82,201,000,000.00",Down,27,10,-,-,-,-,"$30,737,197.40",$0.00,"$147,045,993.00","$114,614,269.00","$15,639,195.70","$308,036,655.00",Down,12,1,-,-,-,-,"$69,410,212.40","$1,493,325,990.00","$425,878,261.00","$189,418,152.00","$226,954,152.00","$2,404,986,768.00",Up,18,3,-,-,-,-,"$702,639,851.00","$525,935,603.00","$425,445,150.00","$865,545,092.00","$577,534,092.00","$3,097,099,789.00",Down,22,7,-,-,-,-,"$8,819,459,290.00","$6,147,296,590.00","$4,762,263,284.00","$5,214,989,069.00","$3,629,732,626.00","$28,574,000,000.00",Down,10,2,-,-,-,-,"$5,367,245,224.00","$4,015,727,593.00","$2,709,157,323.00","$2,135,051,720.00","$1,781,027,786.00","$16,008,000,000.00",Down,21,10,-,-,-,-,"$964,084,661.00","$471,770,387.00","$534,491,820.00","$265,950,340.00","$246,706,307.00","$2,483,003,514.00",Down,21,9,-,-,-,-,"$1,058,549,126.00","$355,343,958.00","$621,047,492.00","$927,493,150.00","$781,885,428.00","$3,744,319,155.00",Down,16,5,-,-,-,-,"$105,132,938.00","$542,527,043.00","$114,239,579.00","$48,114,189.20","$27,764,205.50","$837,777,955.00",Down
TD,ca,,,TRUE,TRUE,,,11.0%,"$1,102.04",1.5,3.5,5,18,-,-,6,2,-,"$20,705,000,000.00","$29,605,000,000.00","$25,941,000,000.00","$27,944,000,000.00","$16,868,000,000.00","$121,063,000,000.00",Down,23,-,-,6,1,-,"$257,274,615.00",$0.00,"$143,217,247.00",$0.00,$0.00,"$400,491,862.00",Down,37,-,-,8,3,-,"$35,372,240.80","$40,744,376.20","$56,167,120.20","$85,817,689.10","$158,950,387.00","$377,051,814.00",Up,34,-,-,10,3,-,"$251,291,040.00","$170,226,929.00",$0.00,"$217,855,541.00","$233,109,100.00","$872,482,610.00",Down,7,-,-,6,2,-,"$9,758,573,849.00","$16,832,765,762.00","$10,911,000,000.00","$12,832,000,000.00","$9,115,043,962.00","$59,449,000,000.00",Down,11,-,-,7,3,-,"$1,494,131,951.00","$1,737,564,805.00","$2,764,160,776.00","$4,294,354,609.00","$3,537,179,131.00","$13,827,000,000.00",Up,52,-,-,11,4,-,$0.00,$0.00,"$8,405,134.29","$47,171,391.60",$0.00,"$55,576,525.90",Equal,41,-,-,9,3,-,"$359,804,295.00",$0.00,"$213,642,040.00","$112,049,944.00",$0.00,"$685,496,279.00",Down,1,-,-,1,1,-,"$3,301,303,562.00","$9,852,323,131.00","$3,954,469,262.00","$5,584,404,399.00","$1,529,191,419.00","$24,222,000,000.00",Down
Morgan Stanley,us,,,TRUE,,,,12.4%,$895.43,15,5,20,12,-,-,8,-,-,"$24,141,000,000.00","$24,617,000,000.00","$19,484,000,000.00","$22,072,000,000.00","$20,465,000,000.00","$110,778,000,000.00",Down,22,-,-,5,-,-,"$139,207,327.00","$12,924,269.40","$12,631,482.90","$216,560,634.00","$73,719,107.50","$455,042,821.00",Down,20,-,-,4,-,-,"$35,374,158.00","$482,180,247.00","$156,360,581.00","$140,271,675.00","$86,018,479.80","$900,205,141.00",Up,26,-,-,7,-,-,"$384,268,296.00","$152,149,614.00","$629,002,410.00","$383,043,995.00","$138,908,746.00","$1,687,373,062.00",Down,13,-,-,8,-,-,"$10,392,878,389.00","$9,543,967,125.00","$4,448,752,865.00","$11,267,000,000.00","$11,420,000,000.00","$47,072,000,000.00",Up,12,-,-,8,-,-,"$2,010,396,866.00","$3,577,376,852.00","$1,897,850,072.00","$2,222,405,933.00","$2,995,797,109.00","$12,704,000,000.00",Up,1,-,-,1,-,-,"$1,188,042,977.00","$2,360,687,812.00","$1,746,159,598.00","$1,979,481,488.00","$1,346,004,447.00","$8,620,376,322.00",Up,6,-,-,4,-,-,"$4,307,717,356.00","$2,375,423,060.00","$844,318,590.00","$4,430,266,414.00","$5,184,852,733.00","$17,143,000,000.00",Up,13,-,-,9,-,-,"$384,366,480.00","$45,309,365.80","$21,643,718.20","$225,784,288.00","$716,708,978.00","$1,393,812,830.00",Up
Goldman Sachs,us,,,TRUE,,,,10.1%,$992.97,16,4.5,20.5,16,-,-,9,-,-,"$22,894,000,000.00","$19,924,000,000.00","$17,167,000,000.00","$21,580,000,000.00","$18,941,000,000.00","$100,506,000,000.00",Down,20,-,-,4,-,-,"$104,671,721.00","$52,575,070.40","$97,895,799.40","$162,188,329.00","$231,399,334.00","$648,730,253.00",Up,17,-,-,3,-,-,"$175,000,000.00","$918,041,667.00","$215,343,165.00","$71,461,928.50","$157,227,378.00","$1,537,074,138.00",Down,28,-,-,8,-,-,"$174,623,768.00","$117,835,720.00","$352,648,522.00","$424,119,507.00","$428,366,159.00","$1,497,593,676.00",Up,15,-,-,10,-,-,"$10,554,170,207.00","$5,225,333,092.00","$4,642,482,597.00","$10,836,000,000.00","$8,214,360,729.00","$39,472,000,000.00",Down,13,-,-,9,-,-,"$5,278,710,694.00","$2,225,915,094.00","$1,640,090,855.00","$2,069,159,196.00","$1,458,817,083.00","$12,673,000,000.00",Down,13,-,-,6,-,-,"$729,046,973.00","$561,575,384.00","$343,018,265.00","$1,236,111,929.00","$836,565,188.00","$3,706,317,739.00",Up,10,-,-,5,-,-,"$1,879,859,567.00","$884,065,061.00","$1,135,411,034.00","$4,405,177,889.00","$3,345,383,391.00","$11,650,000,000.00",Up,19,-,-,11,-,-,"$325,412,161.00","$151,129,356.00","$42,256,426.70","$104,021,025.00","$118,760,635.00","$741,579,604.00",Down
Bank of Montreal,ca,,,TRUE,TRUE,,,14.6%,$665.20,10,1.5,11.5,20,-,-,10,4,-,"$17,369,000,000.00","$21,216,000,000.00","$21,559,000,000.00","$21,869,000,000.00","$15,194,000,000.00","$97,207,000,000.00",Down,45,-,-,9,3,-,$0.00,$0.00,"$44,442,876.50",$0.00,$0.00,"$44,442,876.50",Equal,22,-,-,5,1,-,"$35,372,240.80","$213,851,519.00","$178,738,549.00","$193,817,689.00","$158,950,387.00","$780,730,386.00",Up,53,20,25,12,4,-,$0.00,$0.00,$0.00,$0.00,$0.00,$0.00,Equal,14,-,-,9,4,-,"$9,050,137,686.00","$8,654,488,552.00","$8,487,692,165.00","$9,954,498,033.00","$6,942,669,147.00","$43,089,000,000.00",Down,14,-,-,10,4,-,"$404,741,525.00","$1,335,463,614.00","$2,303,883,712.00","$2,450,643,685.00","$2,065,640,780.00","$8,560,373,316.00",Up,55,-,-,12,5,-,$0.00,$0.00,"$19,985,525.00",$0.00,$0.00,"$19,985,525.00",Equal,52,21,23,11,5,-,$0.00,$0.00,$0.00,$0.00,$0.00,$0.00,Equal,5,-,-,5,4,-,"$2,632,736,169.00","$3,179,951,084.00","$1,485,933,889.00","$1,450,894,516.00","$1,295,350,587.00","$10,045,000,000.00",Down
Deutsche Bank,de,TRUE,,,,,,5.1%,"$1,456.26",22.5,7.5,30,31,5,-,-,-,-,"$19,637,000,000.00","$19,424,000,000.00","$15,257,000,000.00","$11,180,000,000.00","$9,126,000,000.00","$74,624,000,000.00",Down,16,6,-,-,-,-,"$178,661,100.00","$339,566,308.00","$48,789,856.60","$104,666,033.00","$63,796,821.30","$735,480,119.00",Down,13,2,-,-,-,-,"$35,372,240.80","$702,294,920.00","$640,757,047.00","$278,375,361.00","$600,121,727.00","$2,256,921,296.00",Up,37,8,-,-,-,-,"$249,477,804.00","$139,457,297.00",$0.00,"$51,095,683.70","$47,963,979.10","$487,994,764.00",Down,20,5,-,-,-,-,"$8,855,705,022.00","$7,180,908,162.00","$6,220,936,005.00","$3,275,387,563.00","$4,904,837,805.00","$30,438,000,000.00",Down,15,3,-,-,-,-,"$1,929,674,443.00","$2,210,327,293.00","$1,832,800,796.00","$589,829,057.00","$1,479,559,991.00","$8,042,191,580.00",Down,27,15,-,-,-,-,"$562,315,938.00","$68,157,571.50","$171,561,308.00","$82,743,175.90","$443,292,612.00","$1,328,070,606.00",Down,16,7,-,-,-,-,"$2,628,254,235.00","$1,337,878,542.00","$716,025,355.00","$1,106,346,782.00","$1,796,994,738.00","$7,585,499,652.00",Down,11,3,-,-,-,-,"$570,119,720.00","$359,654,610.00","$375,529,643.00","$96,545,685.90","$179,683,915.00","$1,581,533,575.00",Down
HSBC,gb,TRUE,,,,TRUE,,4.1%,"$2,715.15",16,4.5,20.5,10,3,-,-,-,2,"$17,914,000,000.00","$22,172,000,000.00","$20,489,000,000.00","$26,627,000,000.00","$23,542,000,000.00","$110,745,000,000.00",Up,18,8,-,-,-,2,"$123,210,479.00","$24,913,016.30","$186,752,138.00","$202,048,771.00","$131,474,555.00","$668,398,959.00",Up,31,11,-,-,-,3,"$83,287,955.90","$45,304,984.10","$81,402,044.20","$121,649,589.00","$86,018,479.80","$417,663,053.00",Up,17,2,-,-,-,2,"$175,814,052.00","$845,999,430.00","$819,650,362.00","$795,891,603.00","$549,836,281.00","$3,187,191,728.00",Up,11,3,-,-,-,2,"$6,457,973,710.00","$9,980,363,145.00","$6,106,658,698.00","$12,250,000,000.00","$16,170,000,000.00","$50,965,000,000.00",Up,16,4,-,-,-,2,"$706,250,436.00","$497,201,670.00","$1,172,960,393.00","$2,073,305,258.00","$2,909,954,654.00","$7,359,672,411.00",Up,10,3,-,-,-,1,"$668,867,217.00","$653,050,674.00","$627,342,955.00","$664,737,022.00","$1,731,700,674.00","$4,345,698,542.00",Up,5,2,-,-,-,1,"$2,807,413,911.00","$4,288,560,470.00","$1,500,489,419.00","$5,250,859,514.00","$7,766,206,882.00","$21,614,000,000.00",Up,10,2,-,-,-,2,"$840,815,553.00","$1,291,351,588.00","$206,089,456.00","$242,012,383.00","$445,272,443.00","$3,025,541,423.00",Down
SMBC Group,jp,,TRUE,,,,,4.2%,"$2,036.00",4.5,2,6.5,7,-,5,-,-,-,"$10,505,000,000.00","$12,117,000,000.00","$15,845,000,000.00","$19,595,000,000.00","$28,199,000,000.00","$86,261,000,000.00",Up,14,-,7,-,-,-,$0.00,"$363,079,992.00","$342,255,052.00","$52,327,063.60","$95,638,310.80","$853,300,418.00",Up,44,-,19,-,-,-,$0.00,"$40,744,376.20","$56,167,120.20","$115,589,801.00","$86,018,479.80","$298,519,778.00",Up,22,-,15,-,-,-,"$157,609,917.00","$157,657,170.00","$520,292,581.00","$510,821,581.00","$778,662,794.00","$2,125,044,043.00",Up,18,-,5,-,-,-,"$5,020,808,687.00","$5,248,977,099.00","$6,169,085,822.00","$9,008,627,145.00","$10,684,000,000.00","$36,132,000,000.00",Up,17,-,3,-,-,-,"$549,775,869.00","$1,254,215,522.00","$1,255,512,078.00","$2,646,418,041.00","$1,492,823,104.00","$7,198,744,615.00",Up,5,-,1,-,-,-,"$1,443,761,570.00","$734,347,667.00","$1,613,036,715.00","$1,260,400,122.00","$1,488,839,732.00","$6,540,385,806.00",Up,11,-,2,-,-,-,"$1,774,635,401.00","$1,531,645,661.00","$1,617,802,273.00","$1,922,248,703.00","$4,402,304,323.00","$11,249,000,000.00",Up,22,-,4,-,-,-,"$62,828,921.40","$109,536,228.00","$204,979,705.00","$47,950,522.80","$68,232,522.10","$493,527,899.00",Up
Truist,us,,,TRUE,,,,6.2%,$473.08,0,0,0,40,-,-,12,-,-,"$4,317,000,000.00","$6,710,000,000.00","$5,470,000,000.00","$7,552,000,000.00","$5,409,000,000.00","$29,459,000,000.00",Up,,21,23,11,5,5,$0.00,$0.00,$0.00,$0.00,$0.00,$0.00,Equal,53,22,24,11,-,-,$0.00,$0.00,$0.00,$0.00,$0.00,$0.00,Equal,33,-,-,9,-,-,"$66,347,060.00","$137,802,867.00","$173,988,483.00","$199,868,251.00","$408,475,889.00","$986,482,549.00",Up,35,-,-,12,-,-,"$425,832,383.00","$2,175,989,844.00","$2,207,669,415.00","$1,193,869,060.00","$2,126,173,431.00","$8,129,534,133.00",Up,18,-,-,11,-,-,"$373,210,800.00","$1,905,272,661.00","$1,573,042,290.00","$1,015,040,474.00","$1,768,546,673.00","$6,635,112,898.00",Up,57,24,24,13,-,-,$0.00,$0.00,$0.00,$0.00,$0.00,$0.00,Equal,52,21,23,11,5,-,$0.00,$0.00,$0.00,$0.00,$0.00,$0.00,Equal,44,-,-,12,-,-,"$3,076,923.08","$8,928,571.45","$6,885,714.29","$6,545,454.55","$4,500,000.00","$29,936,663.40",Up
Société Générale,fr,TRUE,,,,,,4.8%,"$1,522.05",62,12,74,14,6,-,-,-,-,"$13,671,000,000.00","$10,193,000,000.00","$15,453,000,000.00","$14,674,000,000.00","$19,034,000,000.00","$73,026,000,000.00",Up,10,5,-,-,-,-,"$91,512,767.90","$26,552,136.00","$176,994,977.00","$193,562,070.00","$663,492,767.00","$1,152,114,717.00",Up,23,5,-,-,-,-,"$146,511,691.00","$258,757,167.00","$56,167,120.20","$136,206,261.00","$86,018,479.80","$683,660,718.00",Down,45,13,-,-,-,-,$0.00,"$10,582,010.60","$61,997,498.70","$51,095,683.70",$0.00,"$123,675,193.00",Equal,19,4,-,-,-,-,"$4,919,916,773.00","$3,243,263,358.00","$5,471,004,875.00","$7,700,934,822.00","$10,946,000,000.00","$32,282,000,000.00",Up,19,5,-,-,-,-,"$900,315,598.00","$390,541,309.00","$546,376,867.00","$2,215,439,916.00","$2,071,387,657.00","$6,124,061,347.00",Up,7,1,-,-,-,-,"$1,512,985,654.00","$1,136,448,406.00","$861,918,477.00","$1,352,822,476.00","$1,317,926,053.00","$6,182,101,066.00",Down,14,6,-,-,-,-,"$1,298,332,883.00","$848,754,077.00","$1,520,590,252.00","$1,864,176,312.00","$4,209,855,562.00","$9,741,709,087.00",Up,17,6,-,-,-,-,"$163,504,928.00","$68,977,237.90","$126,747,046.00","$163,530,175.00","$271,831,479.00","$794,590,866.00",Up
BNP Paribas,fr,TRUE,,,,,,5.0%,"$2,429.26",66,26.5,92.5,4,2,-,-,-,-,"$16,892,000,000.00","$17,716,000,000.00","$16,567,000,000.00","$28,900,000,000.00","$40,751,000,000.00","$120,825,000,000.00",Up,17,7,-,-,-,-,"$50,921,463.90","$18,743,230.10","$115,303,282.00","$209,263,182.00","$320,196,878.00","$714,428,035.00",Up,30,10,-,-,-,-,"$75,391,318.60","$40,744,376.20","$86,306,328.90","$136,374,822.00","$86,018,479.80","$424,835,325.00",Up,30,6,-,-,-,-,"$210,445,811.00","$228,278,438.00","$291,026,403.00","$502,780,488.00","$171,102,520.00","$1,403,633,660.00",Down,8,1,-,-,-,-,"$6,470,332,379.00","$5,035,811,811.00","$4,339,895,238.00","$14,391,000,000.00","$28,348,000,000.00","$58,585,000,000.00",Up,20,6,-,-,-,-,"$929,795,170.00","$228,000,888.00","$283,792,967.00","$1,094,215,405.00","$3,055,978,413.00","$5,591,782,843.00",Up,9,2,-,-,-,-,"$1,073,728,896.00","$548,049,785.00","$168,901,401.00","$708,141,674.00","$2,015,007,891.00","$4,513,829,647.00",Up,1,1,-,-,-,-,"$2,210,366,451.00","$2,350,782,187.00","$2,601,852,696.00","$7,990,171,860.00","$14,174,000,000.00","$29,327,000,000.00",Up,14,4,-,-,-,-,"$217,995,305.00","$116,082,168.00","$75,694,656.00","$90,938,542.70","$647,000,673.00","$1,147,711,345.00",Up
Crédit Agricole,fr,TRUE,,,,,,2.9%,"$2,256.72",67,7,74,13,7,-,-,-,-,"$8,886,000,000.00","$11,220,000,000.00","$13,069,000,000.00","$11,819,000,000.00","$19,594,000,000.00","$64,587,000,000.00",Up,9,4,-,-,-,-,"$101,228,428.00","$63,182,710.30","$192,543,848.00","$196,777,656.00","$842,854,355.00","$1,396,586,999.00",Up,39,16,-,-,-,-,"$35,372,240.80","$40,744,376.20","$56,167,120.20","$150,366,869.00","$86,018,479.80","$368,669,086.00",Up,32,7,-,-,-,-,"$44,415,629.80","$222,574,666.00","$136,552,548.00","$241,246,662.00","$390,203,810.00","$1,034,993,316.00",Up,21,6,-,-,-,-,"$4,049,411,751.00","$4,327,136,359.00","$4,029,902,896.00","$6,457,947,765.00","$10,935,000,000.00","$29,800,000,000.00",Up,21,7,-,-,-,-,"$166,152,947.00","$1,563,112,306.00","$1,238,412,197.00","$504,175,676.00","$802,705,249.00","$4,274,558,375.00",Up,18,8,-,-,-,-,"$614,722,481.00","$497,888,762.00","$406,984,490.00","$558,892,483.00","$920,196,852.00","$2,998,685,068.00",Up,8,4,-,-,-,-,"$1,644,737,736.00","$1,996,977,325.00","$2,155,171,639.00","$3,156,823,598.00","$5,804,763,877.00","$14,758,000,000.00",Up,20,7,-,-,-,-,"$184,239,070.00","$68,394,440.80","$82,284,236.40","$101,543,075.00","$227,386,447.00","$663,847,269.00",Up
U.S. Bank,us,,,TRUE,,,,5.4%,$495.43,15.5,12,27.5,34,-,-,13,-,-,"$3,683,000,000.00","$5,786,000,000.00","$5,602,000,000.00","$4,331,000,000.00","$7,156,000,000.00","$26,558,000,000.00",Up,,21,23,11,5,5,$0.00,$0.00,$0.00,$0.00,$0.00,$0.00,Equal,53,22,24,11,-,-,$0.00,$0.00,$0.00,$0.00,$0.00,$0.00,Equal,36,-,-,11,-,-,"$86,218,277.80","$44,268,873.40","$66,940,472.10","$159,650,255.00","$339,606,349.00","$696,684,227.00",Up,47,-,-,13,-,-,"$460,555,556.00","$847,884,615.00","$864,767,956.00","$740,022,363.00","$1,441,695,805.00","$4,354,926,295.00",Up,22,-,-,12,-,-,"$272,454,729.00","$815,895,545.00","$719,641,289.00","$526,571,344.00","$1,149,764,754.00","$3,484,327,661.00",Up,49,-,-,10,-,-,$0.00,"$42,565,764.20",$0.00,$0.00,"$37,518,609.10","$80,084,373.30",Up,52,21,23,11,5,-,$0.00,$0.00,$0.00,$0.00,$0.00,$0.00,Equal,50,-,-,13,-,-,$0.00,$0.00,$0.00,"$6,545,454.55","$4,500,000.00","$11,045,454.60",Up
CIBC,ca,,,TRUE,TRUE,,,13.5%,$495.99,0,3.5,3.5,28,-,-,11,5,-,"$12,272,000,000.00","$14,048,000,000.00","$11,610,000,000.00","$19,068,000,000.00","$9,742,000,000.00","$66,739,000,000.00",Down,,21,23,11,5,5,$0.00,$0.00,$0.00,$0.00,$0.00,$0.00,Equal,49,-,-,10,5,-,"$35,372,240.80",$0.00,$0.00,$0.00,$0.00,"$35,372,240.80",Down,53,20,25,12,4,-,$0.00,$0.00,$0.00,$0.00,$0.00,$0.00,Equal,25,-,-,11,5,-,"$2,564,399,303.00","$5,085,495,742.00","$2,239,669,812.00","$4,719,488,145.00","$3,954,943,605.00","$18,564,000,000.00",Up,23,-,-,13,5,-,"$96,096,843.80",$0.00,"$895,122,837.00","$503,889,881.00","$1,420,019,960.00","$2,915,129,522.00",Up,37,-,-,9,3,-,$0.00,$0.00,"$100,215,134.00","$109,412,308.00","$251,721,124.00","$461,348,566.00",Up,50,-,-,10,4,-,$0.00,$0.00,"$58,001,040.00",$0.00,$0.00,"$58,001,040.00",Equal,4,-,-,4,3,-,"$2,638,155,385.00","$4,291,230,939.00","$397,230,522.00","$3,147,977,445.00","$557,314,390.00","$11,032,000,000.00",Down
UBS,ch,TRUE,,,,,,3.7%,$972.18,21,7.5,28.5,47,10,-,-,-,-,"$7,671,000,000.00","$9,171,000,000.00","$11,034,000,000.00","$6,170,000,000.00","$2,083,000,000.00","$36,128,000,000.00",Down,35,14,-,-,-,-,"$68,525,021.30","$29,839,089.90","$56,198,994.50","$11,183,589.20","$37,307,329.50","$203,054,024.00",Down,21,4,-,-,-,-,"$53,655,263.40","$40,744,376.20","$67,422,763.50","$562,313,859.00","$86,018,479.80","$810,154,742.00",Up,27,5,-,-,-,-,"$752,850,253.00","$267,325,769.00","$330,699,836.00","$160,174,595.00","$46,465,832.80","$1,557,516,286.00",Down,28,9,-,-,-,-,"$2,377,363,834.00","$3,699,483,139.00","$3,642,383,060.00","$3,510,448,310.00","$621,518,054.00","$13,851,000,000.00",Down,24,8,-,-,-,-,"$333,515,414.00","$1,563,804,699.00","$553,255,314.00","$108,180,059.00","$22,981,394.10","$2,581,736,880.00",Down,14,5,-,-,-,-,"$585,884,043.00","$1,257,664,968.00","$1,045,218,247.00","$737,044,275.00","$3,097,357.39","$3,628,908,890.00",Down,22,10,-,-,-,-,"$492,449,827.00","$779,771,235.00","$1,105,732,005.00","$1,247,991,734.00","$50,481,078.70","$3,676,425,879.00",Down,23,8,-,-,-,-,"$84,534,475.40","$48,744,406.60","$90,890,984.80","$72,398,473.80","$118,694,728.00","$415,263,069.00",Up
ICBC,cn,,TRUE,,,,,2.2%,"$4,324.27",0,0.5,0.5,5,-,4,-,-,-,"$18,788,000,000.00","$13,285,000,000.00","$14,794,000,000.00","$19,617,000,000.00","$29,521,000,000.00","$96,005,000,000.00",Up,2,-,1,-,-,-,"$518,986,921.00","$31,817,674.40","$164,882,151.00","$948,826,219.00","$590,687,066.00","$2,255,200,031.00",Up,7,-,7,-,-,-,"$2,190,130,317.00","$1,433,449,945.00","$1,156,339,835.00","$1,151,820,774.00","$671,902,116.00","$6,603,642,987.00",Down,2,-,2,-,-,-,"$5,145,268,759.00","$4,783,058,020.00","$5,129,016,552.00","$4,218,349,940.00","$3,096,634,722.00","$22,372,000,000.00",Down,16,-,3,-,-,-,"$11,034,413,529.00","$4,656,740,510.00","$4,188,671,336.00","$8,476,433,375.00","$8,934,785,938.00","$37,291,000,000.00",Down,25,-,4,-,-,-,"$722,178,008.00","$16,704,249.50","$286,307,621.00","$859,724,503.00","$661,078,393.00","$2,545,992,775.00",Down,19,-,5,-,-,-,"$711,428,301.00","$551,880,342.00","$314,430,586.00","$407,795,429.00","$804,478,891.00","$2,790,013,550.00",Up,15,-,4,-,-,-,"$1,687,197,027.00","$312,346,193.00","$775,407,777.00","$3,993,907,619.00","$1,647,008,786.00","$8,415,867,403.00",Down,21,-,3,-,-,-,"$208,613,705.00","$32,936,881.90","$39,928,588.20","$131,230,421.00","$244,375,698.00","$657,085,294.00",Up
China Minsheng Bank,cn,,TRUE,,,,,2.7%,$959.63,1,0,1,25,-,14,-,-,-,"$1,672,000,000.00","$723,000,000.00","$2,637,000,000.00","$10,215,000,000.00","$10,873,000,000.00","$26,120,000,000.00",Up,3,-,2,-,-,-,$0.00,$0.00,"$79,391,489.20","$1,288,167,600.00","$786,109,955.00","$2,153,669,044.00",Up,14,-,12,-,-,-,"$201,442,249.00","$161,937,007.00","$659,005,117.00","$395,295,779.00","$603,382,928.00","$2,021,063,080.00",Up,29,-,16,-,-,-,"$311,875,696.00","$10,174,815.00","$272,910,703.00","$125,262,100.00","$731,534,192.00","$1,451,757,506.00",Up,26,-,7,-,-,-,"$198,082,010.20","$179,110,538.60","$1,151,520,602.00","$8,242,878,083.00","$6,782,114,740.00","$16,554,000,000.00",Up,26,-,5,-,-,-,$0.00,$0.00,"$143,024,409.00","$985,002,169.00","$852,354,341.00","$1,980,380,919.00",Up,41,-,14,-,-,-,$0.00,$0.00,"$1,247,982.17","$212,885,991.00","$68,353,098.60","$282,487,072.00",Up,17,-,5,-,-,-,$0.00,$0.00,"$308,573,432.00","$5,038,705,025.00","$1,921,995,497.00","$7,269,273,955.00",Up,25,-,6,-,-,-,$0.00,$0.00,"$10,948,884.30","$132,815,821.00","$190,234,254.00","$333,998,960.00",Up
Bank of China,cn,,TRUE,,,,,3.1%,"$3,270.15",0,0.5,0.5,17,-,3,-,-,-,"$25,944,000,000.00","$13,832,000,000.00","$22,302,000,000.00","$20,268,000,000.00","$18,850,000,000.00","$101,195,000,000.00",Down,8,-,4,-,-,-,"$429,766,861.00","$121,101,776.00","$220,298,199.00","$364,374,840.00","$268,030,300.00","$1,403,571,976.00",Down,3,-,3,-,-,-,"$3,243,923,527.00","$1,404,795,237.00","$2,999,668,505.00","$2,633,094,856.00","$1,946,263,590.00","$12,228,000,000.00",Down,1,-,1,-,-,-,"$4,718,234,420.00","$4,437,842,864.00","$6,439,332,696.00","$3,869,607,204.00","$3,319,599,197.00","$22,785,000,000.00",Down,17,-,4,-,-,-,"$9,979,736,607.00","$6,142,542,851.00","$7,475,874,257.00","$6,487,693,794.00","$7,074,197,762.00","$37,160,000,000.00",Down,27,-,6,-,-,-,"$558,798,844.00","$168,963,871.00","$386,140,079.00","$384,459,949.00","$289,127,708.00","$1,787,490,452.00",Down,23,-,6,-,-,-,"$549,287,686.00","$502,873,915.00","$324,329,858.00","$326,543,021.00","$253,442,253.00","$1,956,476,733.00",Down,18,-,6,-,-,-,"$1,251,354,527.00","$568,333,325.00","$950,442,037.00","$2,177,964,771.00","$940,994,540.00","$5,889,089,200.00",Down,24,-,5,-,-,-,"$107,902,000.00","$44,580,758.70","$47,571,018.20","$67,552,130.00","$83,887,930.70","$351,493,837.00",Down
BPCE/Natixis,fr,TRUE,,,,,,5.2%,$714.40,61,13.5,74.5,39,9,-,-,-,-,"$5,130,000,000.00","$5,730,000,000.00","$12,028,000,000.00","$7,739,000,000.00","$6,350,000,000.00","$36,978,000,000.00",Up,40,16,-,-,-,-,$0.00,"$11,065,250.20",$0.00,"$5,434,926.41","$74,292,646.90","$90,792,823.50",Up,53,22,24,11,-,-,$0.00,$0.00,$0.00,$0.00,$0.00,$0.00,Equal,52,19,-,-,-,-,$0.00,$0.00,$0.00,"$4,952,621.85","$3,714,466.42","$8,667,088.27",Up,39,14,-,-,-,-,"$879,440,216.10","$1,034,253,842.00","$843,352,367.00","$1,508,115,143.00","$2,138,624,918.00","$6,403,786,487.00",Up,28,9,-,-,-,-,"$120,721,154.00","$385,868,589.00","$430,458,401.00","$307,127,427.00","$528,719,283.00","$1,772,894,854.00",Up,22,11,-,-,-,-,"$148,906,574.00","$273,938,746.00","$75,809,608.70","$994,196,076.00","$665,739,228.00","$2,158,590,234.00",Up,30,13,-,-,-,-,"$460,316,520.00","$229,248,613.00","$301,359,444.00","$748,721,214.00","$445,526,643.00","$2,185,172,435.00",Down,38,13,-,-,-,-,"$3,076,923.08","$17,612,783.70","$9,316,968.52","$2,262,863.66","$19,730,660.90","$52,000,199.80",Up
BBVA,es,TRUE,,,,,,2.9%,$782.16,34,9,43,41,14,-,-,-,-,"$4,676,000,000.00","$3,426,000,000.00","$4,559,000,000.00","$4,818,000,000.00","$4,871,000,000.00","$22,351,000,000.00",Up,41,17,-,-,-,-,"$16,793,893.70","$14,879,357.60",$0.00,"$13,972,236.90","$34,481,013.20","$80,126,501.40",Up,40,17,-,-,-,-,"$35,372,240.80","$40,744,376.20","$56,167,120.20","$132,589,700.00","$86,018,479.80","$350,891,916.00",Up,41,11,-,-,-,-,$0.00,$0.00,$0.00,"$156,145,556.00","$27,070,257.30","$183,215,814.00",Up,32,11,-,-,-,-,"$1,941,192,846.00","$1,800,417,165.00","$1,618,394,157.00","$2,555,311,872.00","$1,920,371,398.00","$9,835,687,438.00",Down,29,10,-,-,-,-,"$157,475,085.00","$346,339,422.00","$615,990,084.00","$299,537,020.00","$293,805,114.00","$1,713,146,725.00",Up,24,12,-,-,-,-,"$315,573,237.00","$80,376,061.30","$488,996,258.00","$460,106,566.00","$570,631,905.00","$1,915,684,028.00",Up,20,8,-,-,-,-,"$760,253,586.00","$724,196,164.00","$579,900,915.00","$1,280,591,206.00","$615,813,296.00","$3,960,755,167.00",Down,34,11,-,-,-,-,"$7,092,857.13","$17,235,040.80",$0.00,"$26,237,584.70","$21,537,871.30","$72,103,354.10",Up
Agricultural Bank of China,cn,,TRUE,,,,,1.4%,"$3,572.98",0,0,0,22,-,8,-,-,-,"$11,839,000,000.00","$5,678,000,000.00","$7,445,000,000.00","$11,021,000,000.00","$13,769,000,000.00","$49,752,000,000.00",Up,11,-,5,-,-,-,"$238,720,057.00","$19,828,927.40","$91,479,741.00","$350,353,626.00","$423,520,309.00","$1,123,902,661.00",Up,11,-,11,-,-,-,"$1,077,920,650.00","$692,272,028.00","$792,689,661.00","$724,899,399.00","$1,284,826,701.00","$4,572,608,440.00",Up,4,-,4,-,-,-,"$4,102,543,690.00","$2,513,115,188.00","$2,424,110,621.00","$3,571,862,466.00","$3,455,444,311.00","$16,067,000,000.00",Down,23,-,6,-,-,-,"$5,980,591,654.00","$2,850,505,503.00","$3,184,946,473.00","$4,126,461,602.00","$5,302,939,099.00","$21,445,000,000.00",Down,30,-,7,-,-,-,"$358,313,135.00","$16,704,249.50","$154,072,587.00","$266,769,220.00","$448,062,898.00","$1,243,922,090.00",Up,39,-,12,-,-,-,"$93,684,599.10","$916,045.67","$73,516,010.80","$15,127,117.30","$165,078,602.00","$348,322,375.00",Up,19,-,7,-,-,-,"$716,782,245.00","$489,141,778.00","$332,409,745.00","$1,474,998,037.00","$1,033,926,300.00","$4,047,258,104.00",Up,26,-,7,-,-,-,"$67,624,248.60","$15,701,841.00","$20,488,689.70","$54,037,466.60","$114,841,507.00","$272,693,753.00",Up
Santander,es,TRUE,,,,,,2.0%,"$1,702.61",32,18.5,50.5,29,11,-,-,-,-,"$6,256,000,000.00","$5,004,000,000.00","$4,813,000,000.00","$8,285,000,000.00","$9,678,000,000.00","$34,036,000,000.00",Up,42,18,-,-,-,-,$0.00,"$16,518,477.30",$0.00,"$22,021,898.10","$30,078,420.60","$68,618,796.10",Up,34,14,-,-,-,-,"$35,372,240.80","$76,295,024.80","$56,167,120.20","$142,394,075.00","$86,018,479.80","$396,246,940.00",Up,38,9,-,-,-,-,"$181,989,542.00",$0.00,"$164,976,521.00","$46,143,061.90",$0.00,"$393,109,125.00",Down,24,8,-,-,-,-,"$4,156,896,366.00","$2,576,344,735.00","$2,261,806,115.00","$3,783,180,135.00","$6,972,447,970.00","$19,751,000,000.00",Up,31,11,-,-,-,-,"$56,452,871.50","$80,492,551.80","$161,816,141.00","$193,471,563.00","$740,393,869.00","$1,232,626,996.00",Up,16,6,-,-,-,-,"$619,475,709.00","$57,172,197.10","$457,943,331.00","$997,076,395.00","$1,071,769,855.00","$3,203,437,488.00",Up,12,5,-,-,-,-,"$3,169,712,064.00","$1,661,961,809.00","$828,459,742.00","$1,960,933,301.00","$3,423,608,112.00","$11,045,000,000.00",Up,28,9,-,-,-,-,"$18,737,557.00","$36,429,903.40","$12,540,548.40","$29,863,149.60","$55,145,164.90","$152,716,323.00",Up
NatWest,gb,TRUE,,,,TRUE,,1.2%,"$1,109.68",30,13,43,46,16,-,-,-,4,"$3,677,000,000.00","$2,804,000,000.00","$3,365,000,000.00","$1,462,000,000.00","$2,086,000,000.00","$13,393,000,000.00",Down,47,19,-,-,-,4,$0.00,$0.00,"$6,678,997.33",$0.00,"$23,479,732.40","$30,158,729.80",Up,35,15,-,-,-,4,"$40,019,077.80","$40,744,376.20","$56,167,120.40","$163,360,365.00","$86,018,479.80","$386,309,419.00",Up,51,18,-,-,-,5,$0.00,$0.00,$0.00,"$23,071,531.10",$0.00,"$23,071,531.10",Equal,48,18,-,-,-,4,"$1,152,738,327.00","$1,129,111,274.00","$562,761,455.00","$364,436,073.00","$860,603,828.00","$4,069,650,958.00",Down,32,12,-,-,-,3,"$410,240,338.00","$400,234,195.00","$26,536,458.00","$28,361,622.60","$35,793,996.40","$901,166,609.00",Down,44,21,-,-,-,5,"$54,290,272.10","$34,213,201.90","$30,852,648.70","$11,785,681.10","$44,219,953.10","$175,361,757.00",Down,37,17,-,-,-,5,"$137,805,829.00","$263,382,280.00","$269,122,169.00","$72,109,951.30","$232,209,419.00","$974,629,647.00",Up,39,14,-,-,-,5,"$7,834,013.62","$14,171,187.20","$19,618,386.30","$3,418,748.39","$6,684,602.53","$51,726,938.10",Down
Commerzbank,de,TRUE,,,,,,2.5%,$478.40,14,5,19,43,19,-,-,-,-,"$1,005,000,000.00","$2,729,000,000.00","$2,363,000,000.00","$3,368,000,000.00","$2,392,000,000.00","$11,856,000,000.00",Up,25,9,-,-,-,-,$0.00,"$21,091,805.50","$71,550,083.90","$154,991,344.00","$90,431,316.80","$338,064,551.00",Up,19,3,-,-,-,-,"$122,033,789.00","$148,206,518.00","$322,160,387.00","$142,394,075.00","$226,954,152.00","$961,748,921.00",Up,42,12,-,-,-,-,$0.00,"$10,582,010.60","$34,006,734.10","$46,143,061.90","$44,249,512.70","$134,981,319.00",Up,46,17,-,-,-,-,"$320,524,780.30","$699,255,980.40","$982,833,486.00","$1,356,703,406.00","$1,276,577,493.00","$4,635,895,145.00",Up,33,13,-,-,-,-,$0.00,"$22,876,022.50","$37,019,890.40","$377,678,461.00","$425,385,966.00","$862,960,340.00",Up,42,20,-,-,-,-,$0.00,"$18,454,270.00","$151,651,401.00","$35,442,911.20","$29,602,651.60","$235,151,234.00",Up,36,16,-,-,-,-,$0.00,"$372,835,083.00","$229,732,900.00","$216,855,231.00","$177,709,583.00","$997,132,796.00",Up,42,16,-,-,-,-,$0.00,"$7,643,801.25","$12,540,548.40","$10,281,153.40","$11,273,214.50","$41,738,717.60",Up
China Construction Bank,cn,,TRUE,,,,,1.7%,"$3,653.11",0,0.5,0.5,24,-,6,-,-,-,"$15,828,000,000.00","$9,925,000,000.00","$9,013,000,000.00","$13,727,000,000.00","$12,043,000,000.00","$60,536,000,000.00",Down,19,-,9,-,-,-,"$91,789,422.90","$19,828,927.40","$5,955,512.81","$348,801,387.00","$189,308,663.00","$655,683,913.00",Up,2,-,2,-,-,-,"$2,689,885,350.00","$2,527,956,005.00","$2,454,735,462.00","$2,820,719,023.00","$1,957,722,898.00","$12,451,000,000.00",Down,5,-,5,-,-,-,"$5,568,381,551.00","$3,121,014,827.00","$2,703,758,538.00","$1,995,413,991.00","$2,487,035,976.00","$15,876,000,000.00",Down,27,-,8,-,-,-,"$5,956,753,411.00","$2,918,646,211.00","$1,186,974,209.00","$3,246,739,847.00","$2,861,449,423.00","$16,171,000,000.00",Down,34,-,8,-,-,-,"$141,465,844.00","$16,704,249.50",$0.00,"$265,501,581.00","$173,433,026.00","$597,104,700.00",Up,36,-,10,-,-,-,"$156,384,589.00","$916,045.67","$743,457.76","$252,534,010.00","$61,687,745.90","$472,265,848.00",Down,28,-,10,-,-,-,"$408,433,269.00","$264,141,778.00",$0.00,"$1,358,153,507.00","$380,964,106.00","$2,411,692,661.00",Down,27,-,8,-,-,-,"$23,226,483.70","$15,701,841.00","$8,694,039.08","$45,769,127.80","$76,073,149.30","$169,464,641.00",Up
Lloyds,gb,TRUE,,,,TRUE,,1.1%,"$1,104.42",18,10,28,44,18,-,-,-,5,"$2,955,000,000.00","$2,669,000,000.00","$2,526,000,000.00","$1,457,000,000.00","$2,372,000,000.00","$11,979,000,000.00",Down,,21,23,11,5,5,$0.00,$0.00,$0.00,$0.00,$0.00,$0.00,Equal,50,20,22,-,-,5,$0.00,$0.00,$0.00,"$25,986,989.90",$0.00,"$25,986,989.90",Equal,48,15,23,-,-,4,$0.00,$0.00,$0.00,"$46,143,061.90",$0.00,"$46,143,061.90",Equal,49,19,-,-,-,5,"$859,548,537.00","$613,174,725.00","$701,074,464.00","$686,161,937.00","$564,225,723.00","$3,424,185,386.00",Down,35,14,-,-,-,4,"$43,629,294.00","$36,571,401.00","$37,019,890.40","$165,420,067.00","$76,468,569.70","$359,109,222.00",Up,28,16,-,-,-,4,"$370,194,745.00","$197,149,500.00","$269,345,698.00","$70,957,494.80","$58,227,694.80","$965,875,132.00",Down,33,15,-,-,-,4,"$254,734,859.00","$227,117,598.00","$229,732,900.00","$257,583,726.00","$273,672,221.00","$1,242,841,304.00",Up,37,12,-,-,-,4,"$14,481,218.80","$12,219,979.30","$12,540,548.40","$9,162,651.75","$9,311,440.96","$57,715,839.30",Down
China CITIC Bank,cn,,TRUE,,,,,4.9%,$904.02,0.5,0.5,1,27,-,9,-,-,-,"$8,050,000,000.00","$6,043,000,000.00","$9,262,000,000.00","$10,731,000,000.00","$10,398,000,000.00","$44,484,000,000.00",Up,26,-,11,-,-,-,$0.00,$0.00,$0.00,"$119,627,485.00","$206,609,893.00","$326,237,377.00",Up,5,-,5,-,-,-,"$1,577,366,348.00","$690,047,723.00","$1,362,226,574.00","$1,937,226,269.00","$1,410,766,247.00","$6,977,633,160.00",Down,3,-,3,-,-,-,"$2,950,277,741.00","$3,199,964,267.00","$4,046,034,429.00","$5,289,975,996.00","$2,928,905,557.00","$18,415,000,000.00",Down,29,-,9,-,-,-,"$1,948,891,671.00","$1,751,221,171.00","$2,350,673,412.00","$3,364,606,203.00","$3,560,068,991.00","$12,975,000,000.00",Up,36,-,9,-,-,-,$0.00,$0.00,$0.00,"$91,473,603.10","$244,079,431.00","$335,553,034.00",Up,50,-,20,-,-,-,$0.00,$0.00,$0.00,"$663,502.23","$78,180,952.00","$78,844,454.30",Up,35,-,12,-,-,-,$0.00,$0.00,$0.00,"$467,926,384.00","$536,146,455.00","$1,004,072,840.00",Up,40,-,15,-,-,-,$0.00,$0.00,$0.00,"$12,334,126.90","$29,594,390.20","$41,928,517.10",Up
Standard Chartered,gb,TRUE,,,,TRUE,,4.4%,$720.40,28,7.5,35.5,35,12,-,-,-,3,"$2,561,000,000.00","$4,920,000,000.00","$8,813,000,000.00","$8,030,000,000.00","$7,098,000,000.00","$31,422,000,000.00",Up,38,15,-,-,-,3,"$8,804,307.19","$30,460,158.90","$5,955,512.81","$65,422,534.50","$29,453,152.60","$140,095,666.00",Up,28,8,-,-,-,2,"$35,372,240.80","$80,855,632.70","$88,661,782.30","$110,219,271.00","$153,508,772.00","$468,617,699.00",Up,23,4,-,-,-,3,$0.00,"$323,060,241.00","$787,674,509.00","$602,876,325.00","$399,566,874.00","$2,113,177,949.00",Up,34,12,-,-,-,3,"$579,098,989.30","$1,716,889,983.00","$1,539,104,215.00","$1,700,865,545.00","$3,000,803,538.00","$8,536,762,270.00",Up,37,15,-,-,-,5,$0.00,$0.00,$0.00,"$136,541,682.00","$190,031,131.00","$326,572,813.00",Up,25,13,-,-,-,3,"$174,573,159.00","$164,565,063.00","$317,122,755.00","$343,013,997.00","$870,192,038.00","$1,869,467,011.00",Up,26,12,-,-,-,3,"$128,006,963.00","$933,262,288.00","$139,452,997.00","$523,439,163.00","$952,629,011.00","$2,676,790,422.00",Up,31,10,-,-,-,3,"$12,428,294.20","$14,424,403.00","$8,694,039.08","$15,651,011.00","$63,871,416.50","$115,069,164.00",Up
China Everbright Bank,cn,,TRUE,,,,,4.2%,$679.81,0,0,0,26,-,13,-,-,-,"$5,020,000,000.00","$4,149,000,000.00","$4,091,000,000.00","$4,330,000,000.00","$10,701,000,000.00","$28,291,000,000.00",Up,30,-,13,-,-,-,$0.00,$0.00,$0.00,$0.00,"$267,994,918.00","$267,994,918.00",Up,8,-,8,-,-,-,"$340,729,005.00","$873,703,130.00","$1,188,907,053.00","$1,194,646,715.00","$2,518,234,396.00","$6,116,220,299.00",Up,10,-,10,-,-,-,"$2,001,203,127.00","$1,628,949,125.00","$1,164,424,951.00","$1,477,720,148.00","$1,667,032,112.00","$7,939,329,464.00",Down,45,-,18,-,-,-,"$706,103,915.10","$334,499,714.70","$532,408,251.00","$97,810,928.10","$2,991,023,025.00","$4,661,845,833.00",Up,38,-,10,-,-,-,$0.00,$0.00,$0.00,$0.00,"$244,729,440.00","$244,729,440.00",Up,47,-,18,-,-,-,$0.00,$0.00,$0.00,$0.00,"$97,747,743.70","$97,747,743.70",Up,44,-,17,-,-,-,$0.00,$0.00,$0.00,$0.00,"$537,574,271.00","$537,574,271.00",Up,32,-,11,-,-,-,$0.00,$0.00,$0.00,$0.00,"$108,464,416.00","$108,464,416.00",Up
Shanghai Pudong Development Bank,cn,,TRUE,,,,,4.0%,$950.01,0,0,0,23,-,10,-,-,-,"$6,007,000,000.00","$4,955,000,000.00","$6,989,000,000.00","$7,759,000,000.00","$12,165,000,000.00","$37,875,000,000.00",Up,33,-,16,-,-,-,$0.00,$0.00,$0.00,$0.00,"$240,171,931.00","$240,171,931.00",Up,4,-,4,-,-,-,"$1,055,062,572.00","$1,065,855,896.00","$2,432,042,804.00","$1,947,884,405.00","$2,546,895,894.00","$9,047,741,572.00",Up,8,-,8,-,-,-,"$2,393,635,477.00","$1,760,980,914.00","$1,708,513,304.00","$2,148,664,940.00","$1,575,491,628.00","$9,587,286,264.00",Down,33,-,12,-,-,-,"$2,472,180,239.00","$1,439,419,701.00","$976,447,088.00","$1,225,681,808.00","$3,105,497,578.00","$9,219,226,414.00",Up,39,-,11,-,-,-,$0.00,$0.00,$0.00,$0.00,"$244,024,486.00","$244,024,486.00",Up,56,-,23,-,-,-,$0.00,$0.00,$0.00,$0.00,"$16,548,265.10","$16,548,265.10",Up,42,-,16,-,-,-,$0.00,$0.00,$0.00,$0.00,"$585,734,206.00","$585,734,206.00",Up,33,-,12,-,-,-,$0.00,$0.00,$0.00,$0.00,"$76,330,983.40","$76,330,983.40",Up
Postal Savings Bank of China,cn,,TRUE,,,,,0.5%,"$1,467.31",1,0.5,1.5,45,-,19,-,-,-,"$168,000,000.00","$1,034,000,000.00","$1,478,000,000.00","$3,063,000,000.00","$2,186,000,000.00","$7,929,000,000.00",Up,32,-,15,-,-,-,$0.00,$0.00,$0.00,"$243,869,727.00","$4,570,746.72","$248,440,474.00",Up,18,-,13,-,-,-,"$9,451,123.26","$15,019,532.90","$40,868,478.20","$100,999,684.00","$806,339,893.00","$972,678,711.00",Up,20,-,14,-,-,-,"$107,429,891.00","$443,798,318.00","$534,339,765.00","$906,954,970.00","$880,822,177.00","$2,873,345,121.00",Up,50,-,19,-,-,-,$0.00,$0.00,"$227,202,799.00","$2,057,007,569.00","$727,047,537.00","$3,011,257,905.00",Up,40,-,12,-,-,-,$0.00,$0.00,$0.00,"$186,475,898.00","$5,399,670.10","$191,875,568.00",Up,53,-,21,-,-,-,$0.00,$0.00,$0.00,"$42,710,901.90","$27,912.07","$42,738,814.00",Up,38,-,13,-,-,-,$0.00,$0.00,$0.00,"$953,903,528.00","$11,860,950.20","$965,764,478.00",Up,46,-,17,-,-,-,$0.00,$0.00,$0.00,"$25,144,055.90","$654,704.67","$25,798,760.50",Up
ANZ,au,,TRUE,,,,TRUE,2.3%,$661.72,22,0.5,22.5,42,-,17,-,-,-,"$2,621,000,000.00","$2,662,000,000.00","$3,913,000,000.00","$3,091,000,000.00","$2,940,000,000.00","$15,227,000,000.00",Up,46,-,21,-,-,-,"$3,961,938.21","$11,988,746.90",$0.00,"$11,648,324.40","$15,639,195.70","$43,238,205.20",Up,45,-,20,-,-,-,"$7,896,637.30","$40,744,376.20","$62,854,838.80","$85,817,689.10","$86,018,479.80","$283,332,021.00",Up,35,-,18,-,-,-,"$134,620,398.00","$156,673,652.00","$199,908,337.00","$143,943,334.00","$109,012,672.00","$744,158,393.00",Down,44,-,17,-,-,-,"$734,860,180.20","$992,165,720.10","$273,274,379.00","$1,308,045,380.00","$1,764,926,177.00","$5,073,271,835.00",Up,41,-,13,-,-,-,$0.00,"$13,695,378.60",$0.00,"$108,180,059.00","$38,807,135.20","$160,682,573.00",Up,29,-,7,-,-,-,"$401,214,171.00","$12,012,467.50",$0.00,"$466,171,392.00","$43,017,123.00","$922,415,153.00",Down,25,-,9,-,-,-,"$600,000,000.00","$540,820,975.00",$0.00,"$268,648,066.00","$1,364,496,474.00","$2,773,965,515.00",Up,35,-,13,-,-,-,"$23,403,371.50","$21,811,218.90",$0.00,"$2,262,863.66","$22,454,375.00","$69,931,829.10",Down
Industrial Bank,cn,,TRUE,,,,,5.6%,$976.79,1,0.5,1.5,21,-,7,-,-,-,"$8,216,000,000.00","$8,806,000,000.00","$12,529,000,000.00","$11,467,000,000.00","$14,043,000,000.00","$55,061,000,000.00",Up,36,-,17,-,-,-,$0.00,"$9,795,268.75",$0.00,$0.00,"$180,595,274.00","$190,390,543.00",Up,1,-,1,-,-,-,"$1,572,612,273.00","$4,051,415,836.00","$5,158,670,074.00","$3,335,191,165.00","$3,354,499,417.00","$17,472,000,000.00",Up,9,-,9,-,-,-,"$1,431,380,131.00","$1,739,112,646.00","$1,796,061,819.00","$1,931,205,666.00","$1,667,850,708.00","$8,565,610,970.00",Up,31,-,11,-,-,-,"$1,405,420,404.00","$1,836,714,146.00","$1,842,819,505.00","$1,045,403,793.00","$4,247,918,713.00","$10,378,000,000.00",Up,42,-,14,-,-,-,$0.00,"$16,704,249.50",$0.00,$0.00,"$124,066,780.00","$140,771,029.00",Up,46,-,17,-,-,-,$0.00,"$109,003.86",$0.00,$0.00,"$131,723,197.00","$131,832,201.00",Up,45,-,18,-,-,-,$0.00,"$33,372,547.80",$0.00,$0.00,"$322,234,333.00","$355,606,881.00",Up,29,-,9,-,-,-,$0.00,"$1,277,437.99",$0.00,$0.00,"$116,139,066.00","$117,416,504.00",Up
Ping An,cn,,TRUE,,,,,5.2%,$565.72,0,0.5,0.5,33,-,12,-,-,-,"$3,489,000,000.00","$4,834,000,000.00","$7,839,000,000.00","$5,307,000,000.00","$8,231,000,000.00","$29,700,000,000.00",Up,39,-,19,-,-,-,$0.00,$0.00,$0.00,$0.00,"$105,427,892.00","$105,427,892.00",Up,9,-,9,-,-,-,"$773,797,749.00","$1,191,951,577.00","$1,155,303,857.00","$278,079,930.00","$2,335,947,625.00","$5,735,080,738.00",Up,6,-,6,-,-,-,"$1,298,016,206.00","$2,789,825,804.00","$4,413,140,720.00","$2,572,180,442.00","$2,381,439,238.00","$13,455,000,000.00",Up,38,-,14,-,-,-,"$253,742,613.50","$1,418,389,305.00","$2,336,864,463.00","$862,320,256.00","$1,838,964,861.00","$6,710,281,498.00",Up,43,-,15,-,-,-,$0.00,$0.00,$0.00,$0.00,"$124,547,665.00","$124,547,665.00",Up,54,-,22,-,-,-,$0.00,$0.00,$0.00,$0.00,"$40,781,751.40","$40,781,751.40",Up,48,-,20,-,-,-,$0.00,$0.00,$0.00,$0.00,"$273,582,207.00","$273,582,207.00",Up,49,-,19,-,-,-,$0.00,$0.00,$0.00,$0.00,"$15,101,281.60","$15,101,281.60",Up
Bank of Communications,cn,,TRUE,,,,,1.7%,"$1,422.63",0,0,0,37,-,15,-,-,-,"$4,278,000,000.00","$3,270,000,000.00","$4,763,000,000.00","$4,878,000,000.00","$6,561,000,000.00","$23,750,000,000.00",Up,37,-,18,-,-,-,$0.00,"$11,988,746.90","$5,955,512.81","$1,583,334.97","$124,437,325.00","$143,964,920.00",Up,6,-,6,-,-,-,"$821,279,291.00","$1,297,142,664.00","$1,542,475,965.00","$1,886,412,481.00","$1,428,273,582.00","$6,975,583,983.00",Up,19,-,13,-,-,-,"$806,156,656.00","$596,951,912.00","$944,273,019.00","$243,493,887.00","$484,453,552.00","$3,075,329,026.00",Down,43,-,16,-,-,-,"$1,036,549,060.00","$971,920,723.10","$540,160,414.00","$744,001,942.00","$1,907,847,043.00","$5,200,479,182.00",Up,44,-,16,-,-,-,$0.00,$0.00,$0.00,$0.00,"$113,487,467.00","$113,487,467.00",Up,48,-,19,-,-,-,"$30,408,835.80","$964,296.31","$743,457.76","$13,265,259.60","$50,930,822.30","$96,312,671.70",Up,40,-,15,-,-,-,"$367,966,647.00",$0.00,$0.00,"$110,360,017.00","$298,995,747.00","$777,322,410.00",Down,30,-,10,-,-,-,"$18,890,539.80","$17,235,040.80","$8,694,039.08","$18,731,438.30","$53,720,958.40","$117,272,016.00",Up
ING,nl,TRUE,,,,,,4.4%,"$1,000.72",33,18,51,38,8,-,-,-,-,"$9,266,000,000.00","$8,276,000,000.00","$11,338,000,000.00","$8,841,000,000.00","$6,488,000,000.00","$44,209,000,000.00",Down,28,11,-,-,-,-,"$5,056,756.26","$14,551,363.30","$140,780,068.00","$133,912,933.00",$0.00,"$294,301,121.00",Down,29,9,-,-,-,-,"$152,846,797.00","$40,744,376.20","$56,167,120.20","$110,219,271.00","$86,018,479.80","$445,996,045.00",Down,53,20,25,12,4,-,$0.00,$0.00,$0.00,$0.00,$0.00,$0.00,Equal,42,16,-,-,-,-,"$1,245,973,943.00","$704,349,347.40","$2,112,177,615.00","$1,244,031,400.00","$508,754,472.00","$5,815,286,779.00",Down,45,16,-,-,-,-,"$46,875,000.00","$4,577,713.19",$0.00,$0.00,$0.00,"$51,452,713.20",Down,20,9,-,-,-,-,"$642,255,834.00","$172,304,233.00","$652,071,930.00","$933,711,048.00","$269,259,256.00","$2,669,602,301.00",Down,43,18,-,-,-,-,"$154,946,888.00","$154,153,555.00","$103,109,493.00","$39,500,503.60","$106,215,057.00","$557,925,497.00",Down,43,17,-,-,-,-,"$5,592,732.38","$18,764,639.40",$0.00,"$9,304,772.40",$0.00,"$33,662,144.10",Down
China Merchants Bank,cn,,TRUE,,,,,3.0%,"$1,065.25",0,0.5,0.5,36,-,11,-,-,-,"$8,839,000,000.00","$3,620,000,000.00","$7,269,000,000.00","$5,580,000,000.00","$7,084,000,000.00","$32,392,000,000.00",Down,44,-,20,-,-,-,$0.00,$0.00,$0.00,"$7,915,790.07","$43,480,359.60","$51,396,149.70",Up,10,-,10,-,-,-,"$1,648,967,293.00","$570,448,096.00","$1,262,341,920.00","$1,020,545,356.00","$359,410,535.00","$4,861,713,201.00",Down,7,-,7,-,-,-,"$3,195,652,130.00","$1,459,729,786.00","$3,158,506,010.00","$2,073,517,256.00","$2,485,677,044.00","$12,373,000,000.00",Down,37,-,13,-,-,-,"$1,508,908,960.00","$586,151,983.90","$1,969,226,908.00","$647,283,919.00","$2,052,264,354.00","$6,763,836,124.00",Up,46,-,17,-,-,-,$0.00,$0.00,$0.00,"$4,922,848.98","$5,399,670.10","$10,322,519.10",Up,40,-,13,-,-,-,$0.00,$0.00,"$236,054,297.00","$52,779,784.40","$11,293,606.30","$300,127,688.00",Up,51,-,22,-,-,-,$0.00,$0.00,$0.00,"$25,182,466.30","$11,860,950.20","$37,043,416.50",Up,36,-,14,-,-,-,$0.00,$0.00,$0.00,"$9,968,560.01","$51,049,142.20","$61,017,702.20",Up
UniCredit,it,TRUE,,,,,,3.3%,$960.21,75,18.5,93.5,32,13,-,-,-,-,"$6,052,000,000.00","$6,639,000,000.00","$4,684,000,000.00","$5,401,000,000.00","$8,641,000,000.00","$31,418,000,000.00",Up,6,2,-,-,-,-,"$84,259,651.20","$65,745,326.70","$209,106,724.00","$309,649,514.00","$824,160,315.00","$1,492,921,530.00",Up,25,6,-,-,-,-,"$217,343,729.00","$148,206,518.00","$85,436,221.20","$136,206,261.00","$86,018,479.80","$673,211,209.00",Down,46,14,-,-,-,-,$0.00,"$10,582,010.60","$3,741,998.99","$46,143,061.90",$0.00,"$60,467,071.40",Equal,36,13,-,-,-,-,"$1,964,629,910.00","$786,265,736.40","$1,447,121,942.00","$652,358,784.00","$3,163,817,972.00","$8,014,194,345.00",Up,47,17,18,-,-,-,$0.00,$0.00,$0.00,$0.00,$0.00,$0.00,Equal,34,18,-,-,-,-,"$223,221,069.00","$150,000,000.00","$118,360,000.00",$0.00,"$26,873,947.90","$518,455,017.00",Down,24,11,-,-,-,-,"$631,046,116.00","$190,249,992.00","$522,663,185.00","$103,818,399.00","$1,341,047,228.00","$2,788,824,920.00",Up,41,15,-,-,-,-,"$24,884,503.90",$0.00,$0.00,$0.00,"$17,037,871.30","$41,922,375.20",Down
Intesa Sanpaolo,it,TRUE,,,,,,1.3%,"$1,057.82",18,0.5,18.5,49,15,-,-,-,-,"$4,158,000,000.00","$1,981,000,000.00","$4,224,000,000.00","$1,528,000,000.00","$1,818,000,000.00","$13,708,000,000.00",Down,34,13,-,-,-,-,"$28,511,705.10","$17,754,552.00","$83,233,043.30","$41,438,392.40","$56,302,727.10","$227,240,420.00",Up,32,12,-,-,-,-,"$122,033,789.00",$0.00,"$265,993,267.00","$25,986,989.90",$0.00,"$414,014,046.00",Down,40,10,-,-,-,-,$0.00,$0.00,"$198,983,255.00","$46,143,061.90",$0.00,"$245,126,317.00",Equal,40,15,-,-,-,-,"$1,442,238,582.00","$969,663,200.00","$2,876,606,454.00","$410,471,141.00","$637,299,461.00","$6,336,278,839.00",Down,47,17,18,-,-,-,$0.00,$0.00,$0.00,$0.00,$0.00,$0.00,Equal,26,14,-,-,-,-,"$416,771,099.00","$313,320,000.00","$383,824,297.00","$175,267,391.00","$274,728,326.00","$1,563,911,113.00",Down,31,14,-,-,-,-,"$622,972,525.00","$449,641,444.00","$339,739,222.00","$114,885,205.00","$140,999,669.00","$1,668,238,065.00",Down,47,18,-,-,-,-,"$24,884,503.90",$0.00,$0.00,$0.00,$0.00,"$24,884,503.90",Down
Sberbank,ru,TRUE,TRUE,,,,,2.7%,$482.53,0,0,0,52,17,18,-,-,-,"$4,040,000,000.00","$6,094,000,000.00","$841,000,000.00","$670,000,000.00","$1,148,000,000.00","$12,793,000,000.00",Down,4,1,3,-,-,-,"$146,143,258.00","$1,281,087,734.00","$224,823,360.00","$95,324,033.50","$198,848,650.00","$1,946,227,035.00",Up,33,13,15,-,-,-,"$141,952,410.00","$107,462,142.00",$0.00,"$101,210,057.00","$53,626,319.40","$404,250,928.00",Down,50,17,24,-,-,-,$0.00,"$10,582,010.60",$0.00,"$16,451,840.50","$16,837,032.50","$43,870,883.60",Up,30,10,10,-,-,-,"$3,518,055,952.00","$5,521,133,676.00","$840,659,575.00","$375,167,741.00","$888,306,753.00","$11,143,000,000.00",Down,47,17,18,-,-,-,$0.00,$0.00,$0.00,$0.00,$0.00,$0.00,Equal,17,7,4,-,-,-,"$3,069,000,000.00",$0.00,$0.00,$0.00,$0.00,"$3,069,000,000.00",Down,49,20,21,-,-,-,"$16,605,990.50","$64,646,286.70","$23,783,731.80","$22,290,578.40","$56,548,450.50","$183,875,038.00",Up,51,19,20,-,-,-,$0.00,$0.00,$0.00,$0.00,$0.00,$0.00,Equal
NAB,au,,TRUE,,,,TRUE,0.8%,$571.34,11.5,2.5,14,56,-,22,-,-,-,"$833,000,000.00","$502,000,000.00","$1,158,000,000.00","$1,298,000,000.00","$641,000,000.00","$4,432,000,000.00",Down,,21,23,11,5,5,$0.00,$0.00,$0.00,$0.00,$0.00,$0.00,Equal,41,-,17,-,-,-,"$56,963,111.20","$40,744,376.20","$56,167,120.20","$85,817,689.10","$86,018,479.80","$325,710,776.00",Up,43,-,20,-,-,-,$0.00,$0.00,"$124,147,481.00",$0.00,$0.00,"$124,147,481.00",Equal,53,-,22,-,-,-,"$65,313,125.54","$46,944,607.37","$128,519,985.00","$323,142,417.00","$256,464,565.00","$820,384,700.00",Up,47,17,18,-,-,-,$0.00,$0.00,$0.00,$0.00,$0.00,$0.00,Equal,38,-,11,-,-,-,$0.00,$0.00,"$62,400,000.00","$209,412,308.00","$134,074,074.00","$405,886,382.00",Up,52,21,23,11,5,-,$0.00,$0.00,$0.00,$0.00,$0.00,$0.00,Equal,51,19,20,-,-,-,$0.00,$0.00,$0.00,$0.00,$0.00,$0.00,Equal
Commonwealth Bank,au,,TRUE,,,,TRUE,0.9%,$688.40,12,6,18,50,-,21,-,-,-,"$1,145,000,000.00","$648,000,000.00","$1,889,000,000.00","$886,000,000.00","$1,675,000,000.00","$6,243,000,000.00",Up,50,-,22,-,-,-,$0.00,"$11,988,746.90",$0.00,"$1,477,779.31",$0.00,"$13,466,526.20",Equal,42,-,18,9,4,-,"$35,372,240.80","$40,744,376.20","$56,167,120.20","$85,817,689.10","$86,018,479.80","$304,119,906.00",Up,43,-,20,-,-,-,$0.00,$0.00,"$124,147,481.00",$0.00,$0.00,"$124,147,481.00",Equal,51,-,20,-,-,-,"$107,223,995.30","$406,013,234.40","$302,174,282.00","$364,000,834.00","$1,247,339,565.00","$2,426,751,911.00",Up,47,17,18,-,-,-,$0.00,$0.00,$0.00,$0.00,$0.00,$0.00,Equal,33,-,9,-,-,-,"$43,020,994.30","$89,199,590.30","$236,054,297.00","$117,961,468.00","$74,074,074.00","$560,310,423.00",Up,34,-,11,-,-,-,"$23,645,672.70",$0.00,$0.00,$0.00,"$1,050,875,000.00","$1,074,520,673.00",Up,45,-,16,-,-,-,$0.00,"$17,235,040.80",$0.00,"$9,304,772.40",$0.00,"$26,539,813.30",Equal
Rabobank,nl,TRUE,,,,,,1.2%,$662.77,19.5,8.5,28,53,21,-,-,-,-,"$1,960,000,000.00","$1,424,000,000.00","$1,911,000,000.00","$1,929,000,000.00","$983,000,000.00","$8,207,000,000.00",Down,,21,23,11,5,5,$0.00,$0.00,$0.00,$0.00,$0.00,$0.00,Equal,46,18,-,-,-,-,"$152,846,797.00","$40,744,376.20",$0.00,$0.00,$0.00,"$193,591,174.00",Down,53,20,25,12,4,-,$0.00,$0.00,$0.00,$0.00,$0.00,$0.00,Equal,55,20,-,-,-,-,"$318,057,280.30","$96,944,607.37","$41,666,667.00","$40,000,000.00","$52,500,000.00","$549,168,555.00",Down,47,17,18,-,-,-,$0.00,$0.00,$0.00,$0.00,$0.00,$0.00,Equal,57,24,24,13,-,-,$0.00,$0.00,$0.00,$0.00,$0.00,$0.00,Equal,46,19,-,-,-,-,"$120,381,215.00","$48,204,415.20","$40,353,061.70","$39,500,503.60","$50,000,171.10","$298,439,366.00",Down,51,19,20,-,-,-,$0.00,$0.00,$0.00,$0.00,$0.00,$0.00,Equal
State Bank of India,in,,TRUE,,,,,3.8%,$561.54,0,0,0,48,-,16,-,-,-,"$6,287,000,000.00","$6,348,000,000.00","$704,000,000.00","$6,210,000,000.00","$1,929,000,000.00","$21,478,000,000.00",Down,21,-,10,-,-,-,$0.00,"$19,717,991.10",$0.00,"$541,926,836.00","$45,523,561.90","$607,168,389.00",Up,47,-,21,-,-,-,$0.00,$0.00,"$143,015,296.00",$0.00,$0.00,"$143,015,296.00",Equal,31,-,17,-,-,-,"$404,146,730.00","$328,941,734.00","$127,266,525.00","$163,123,983.00","$349,698,939.00","$1,373,177,911.00",Down,41,-,15,-,-,-,"$441,928,632.50","$605,319,816.90","$270,281,821.00","$4,289,901,410.00","$577,346,203.00","$6,184,777,883.00",Up,47,17,18,-,-,-,$0.00,$0.00,$0.00,$0.00,$0.00,$0.00,Equal,57,24,24,13,-,-,$0.00,$0.00,$0.00,$0.00,$0.00,$0.00,Equal,23,-,8,-,-,-,$0.00,"$189,841,605.00",$0.00,"$2,614,679,680.00","$149,906,169.00","$2,954,427,454.00",Up,51,19,20,-,-,-,$0.00,$0.00,$0.00,$0.00,$0.00,$0.00,Equal
Nordea,fi,TRUE,,,,,,1.5%,$622.66,6,6.5,12.5,51,20,-,-,-,-,"$2,802,000,000.00","$1,910,000,000.00","$1,184,000,000.00","$2,013,000,000.00","$1,574,000,000.00","$9,484,000,000.00",Down,48,20,-,-,-,-,$0.00,$0.00,$0.00,"$27,769,121.00",$0.00,"$27,769,121.00",Equal,48,19,-,-,-,-,"$86,661,548.40",$0.00,$0.00,$0.00,$0.00,"$86,661,548.40",Down,53,20,25,12,4,-,$0.00,$0.00,$0.00,$0.00,$0.00,$0.00,Equal,58,22,-,-,-,-,"$112,499,952.00",$0.00,$0.00,$0.00,$0.00,"$112,499,952.00",Down,47,17,18,-,-,-,$0.00,$0.00,$0.00,$0.00,$0.00,$0.00,Equal,30,17,-,-,-,-,"$237,166,667.00","$129,040,500.00",$0.00,"$443,229,167.00","$76,536,227.00","$885,972,561.00",Down,52,21,23,11,5,-,$0.00,$0.00,$0.00,$0.00,$0.00,$0.00,Equal,51,19,20,-,-,-,$0.00,$0.00,$0.00,$0.00,$0.00,$0.00,Equal
DZ Bank,de,TRUE,TRUE,,,,,0.2%,$627.31,12,2.5,14.5,59,23,23,-,-,-,"$243,000,000.00","$298,000,000.00","$416,000,000.00","$248,000,000.00","$356,000,000.00","$1,561,000,000.00",Up,31,12,14,-,-,-,$0.00,"$20,822,021.80","$157,250,710.00","$27,769,121.00","$43,000,350.10","$248,842,203.00",Up,50,20,22,-,-,5,$0.00,$0.00,$0.00,"$25,986,989.90",$0.00,"$25,986,989.90",Equal,48,15,23,-,-,4,$0.00,$0.00,$0.00,"$46,143,061.90",$0.00,"$46,143,061.90",Equal,57,21,25,-,-,-,$0.00,"$75,000,000.00",$0.00,$0.00,"$87,222,222.20","$162,222,222.00",Up,47,17,18,-,-,-,$0.00,$0.00,$0.00,$0.00,$0.00,$0.00,Equal,45,22,16,-,-,-,$0.00,"$75,000,000.00",$0.00,$0.00,"$87,222,222.20","$162,222,222.00",Up,52,21,23,11,5,-,$0.00,$0.00,$0.00,$0.00,$0.00,$0.00,Equal,51,19,20,-,-,-,$0.00,$0.00,$0.00,$0.00,$0.00,$0.00,Equal
Westpac,au,,TRUE,,,,TRUE,1.1%,$611.47,11,2.5,13.5,55,-,20,-,-,-,"$611,000,000.00","$1,241,000,000.00","$974,000,000.00","$2,969,000,000.00","$720,000,000.00","$6,514,000,000.00",Up,29,-,12,-,-,-,$0.00,$0.00,$0.00,"$261,724,543.00","$6,648,385.10","$268,372,928.00",Up,52,-,23,-,-,-,$0.00,$0.00,$0.00,"$3,785,122.39",$0.00,"$3,785,122.39",Equal,47,-,22,-,-,-,$0.00,$0.00,"$20,851,332.80","$28,792,544.60",$0.00,"$49,643,877.40",Equal,52,-,21,-,-,-,"$66,666,667.00","$722,435,896.00",$0.00,"$766,666,667.00","$111,111,111.00","$1,666,880,341.00",Up,47,17,18,-,-,-,$0.00,$0.00,$0.00,$0.00,$0.00,$0.00,Equal,31,-,8,-,-,-,"$43,020,994.30","$194,666,666.00",$0.00,"$549,000,000.00",$0.00,"$786,687,660.00",Down,39,-,14,-,-,-,"$23,645,672.70","$527,769,230.00",$0.00,"$156,598,122.00","$84,507,756.50","$792,520,781.00",Up,48,-,18,-,-,-,"$17,810,639.10",$0.00,$0.00,$0.00,$0.00,"$17,810,639.10",Down
Danske Bank,dk,TRUE,,,,,,1.0%,$564.83,14,2,16,54,22,-,-,-,-,"$1,099,000,000.00","$799,000,000.00","$1,324,000,000.00","$1,675,000,000.00","$915,000,000.00","$5,813,000,000.00",Down,,21,23,11,5,5,$0.00,$0.00,$0.00,$0.00,$0.00,$0.00,Equal,53,22,24,11,-,-,$0.00,$0.00,$0.00,$0.00,$0.00,$0.00,Equal,53,20,25,12,4,-,$0.00,$0.00,$0.00,$0.00,$0.00,$0.00,Equal,60,24,-,-,-,-,$0.00,$0.00,$0.00,$0.00,$0.00,$0.00,Equal,47,17,18,-,-,-,$0.00,$0.00,$0.00,$0.00,$0.00,$0.00,Equal,35,19,-,-,-,-,"$281,082,417.00","$129,040,500.00",$0.00,"$21,562,500.00","$76,536,227.00","$508,221,644.00",Down,52,21,23,11,5,-,$0.00,$0.00,$0.00,$0.00,$0.00,$0.00,Equal,51,19,20,-,-,-,$0.00,$0.00,$0.00,$0.00,$0.00,$0.00,Equal
Shinhan,kr,,TRUE,,,,,0.2%,$478.50,5,1.5,6.5,58,-,24,-,-,-,"$155,000,000.00","$276,000,000.00","$93,000,000.00","$199,000,000.00","$373,000,000.00","$1,096,000,000.00",Up,,21,23,11,5,5,$0.00,$0.00,$0.00,$0.00,$0.00,$0.00,Equal,53,22,24,11,-,-,$0.00,$0.00,$0.00,$0.00,$0.00,$0.00,Equal,53,20,25,12,4,-,$0.00,$0.00,$0.00,$0.00,$0.00,$0.00,Equal,54,-,23,-,-,-,"$154,569,450.00","$153,901,050.00","$66,775,276.00","$158,223,620.00","$231,569,395.00","$765,038,791.00",Up,47,17,18,-,-,-,$0.00,$0.00,$0.00,$0.00,$0.00,$0.00,Equal,57,24,24,13,-,-,$0.00,$0.00,$0.00,$0.00,$0.00,$0.00,Equal,47,-,19,-,-,-,"$56,291,202.80","$56,113,382.90","$24,365,539.10","$63,872,049.50","$85,186,194.20","$285,828,368.00",Up,51,19,20,-,-,-,$0.00,$0.00,$0.00,$0.00,$0.00,$0.00,Equal
SuMi TRUST,jp,,TRUE,,,,,0.1%,$509.28,3,0.5,3.5,57,-,25,-,-,-,"$169,000,000.00",$0.00,$0.00,$0.00,"$426,000,000.00","$596,000,000.00",Up,,21,23,11,5,5,$0.00,$0.00,$0.00,$0.00,$0.00,$0.00,Equal,53,22,24,11,-,-,$0.00,$0.00,$0.00,$0.00,$0.00,$0.00,Equal,39,-,19,-,-,-,"$140,020,000.00",$0.00,$0.00,$0.00,"$226,200,000.00","$366,220,000.00",Up,56,-,24,-,-,-,$0.00,$0.00,$0.00,$0.00,"$426,200,000.00","$426,200,000.00",Up,47,17,18,-,-,-,$0.00,$0.00,$0.00,$0.00,$0.00,$0.00,Equal,43,-,15,-,-,-,$0.00,$0.00,$0.00,$0.00,"$200,000,000.00","$200,000,000.00",Up,52,21,23,11,5,-,$0.00,$0.00,$0.00,$0.00,$0.00,$0.00,Equal,51,19,20,-,-,-,$0.00,$0.00,$0.00,$0.00,$0.00,$0.00,Equal
Crédit Mutuel,fr,TRUE,,,,,,0.0%,$976.14,75,15,90,60,24,-,-,-,-,"$19,000,000.00","$35,000,000.00","$123,000,000.00","$108,000,000.00",$0.00,"$284,000,000.00",Down,,21,23,11,5,5,$0.00,$0.00,$0.00,$0.00,$0.00,$0.00,Equal,53,22,24,11,-,-,$0.00,$0.00,$0.00,$0.00,$0.00,$0.00,Equal,53,20,25,12,4,-,$0.00,$0.00,$0.00,$0.00,$0.00,$0.00,Equal,59,23,-,-,-,-,$0.00,$0.00,"$62,400,000.00",$0.00,$0.00,"$62,400,000.00",Equal,47,17,18,-,-,-,$0.00,$0.00,$0.00,$0.00,$0.00,$0.00,Equal,51,23,-,-,-,-,$0.00,$0.00,"$62,400,000.00",$0.00,$0.00,"$62,400,000.00",Equal,52,21,23,11,5,-,$0.00,$0.00,$0.00,$0.00,$0.00,$0.00,Equal,51,19,20,-,-,-,$0.00,$0.00,$0.00,$0.00,$0.00,$0.00,Equal
